{"threshold_scale": 1.3, "centroids_": {"ccwcircle": [-6.433805587673664, 0.9437599377613822, -4.646100106452314, 1.4794952027760966, 0.4227750149403738, 0.9217466487997608], "fall": [-4.111763889971106, -2.7496132493436027, -0.7532071070149062, 1.5052412438554106, 2.1094898525779096, -0.32063512281548945], "nothing": [-1.0091950085089296, -0.091038551169656, -3.225831399290878, -0.4373735927297219, 0.880767173001024, 1.37646467122926], "rise": [8.40320609265849, -0.012221657344183597, 1.6661581896890925, -4.121302960669731, -1.3377727063793639, -0.08705212067666142], "swiperight": [-4.163736851653224, 0.09899639799190788, 5.876895660809058, -0.9913350977775574, -0.6516865043959186, -1.1306367565780946], "updown": [7.066757804162602, 0.10637881533992583, -0.43446358495932635, 2.963394471600677, -0.3326108872196347, 1.7003805823674234]}, "thresholds_": {"ccwcircle": 33.61356937232645, "fall": 188.74844863827488, "nothing": 12.723106361859658, "rise": 108.3450921344335, "swiperight": 49.81690639211048, "updown": 24.532049844358127}}