{"threshold_scale": 1.3, "centroids_": {"ccwcircle": [-7.523764494442225, 1.0011259358278346, -4.477846046574555, 0.8239292424575861, 0.6818398738007718, -0.38153664493747524], "fall": [-3.9588766726281692, -0.6938505386210885, -0.26640380330785035, 1.2751655789677456, 1.6774222315968441, 1.2720347819843922], "nothing": [-1.9560929068093305, 0.24056852108816734, -1.5873318413457305, -0.6892673604659321, -1.0966689665844012, 1.249745089486476], "rise": [8.06751447574063, -0.6890251069653718, 2.5369034899429415, -3.550552416892631, -3.004040077532668, -1.4316909574735583], "swiperight": [-3.5181504718143155, 0.7143056176864849, 5.362894062406063, -0.6820689517614228, -0.1653329078950596, 0.734040466318054], "updown": [8.62608901313927, -0.1339936896860474, -2.1949117955820974, 3.258774062317064, 2.171641337933156, -0.20227290635940998]}, "thresholds_": {"ccwcircle": 30.09516767279664, "fall": 183.8894638207936, "nothing": 31.912871119083817, "rise": 107.67929015807722, "swiperight": 48.45169036665905, "updown": 26.723862182665325}}